{"cameraMode":{"drawMode":0,"name":"Shaded","section":"Shading Mode"},"sceneLighting":true,"audioPlay":false,"sceneViewState":{"m_AlwaysRefresh":false,"showFog":true,"showSkybox":true,"showFlares":true,"showImageEffects":true,"showParticleSystems":true,"showVisualEffectGraphs":true,"m_FxEnabled":true},"in2DMode":false,"pivot":{"x":-0.22376857697963715,"y":0.7623240947723389,"z":-0.01469855010509491},"rotation":{"x":0.05501340702176094,"y":0.9396369457244873,"z":-0.18149983882904054,"w":0.284806489944458},"size":1.1372225284576417,"orthographic":false}